full_name,address,creation_date_time
Regena Phillips,"1252 Ord Townline, Pampa, New Hampshire",2018-02-08 22:32:23.172602
Rolande Bowen,"1091 Santa Barbara Line, Fullerton, Georgia",2015-05-29 23:01:58.196541
Josiah Spencer,"1268 Burgoyne Promenade, San Leandro, Florida",2013-08-23 09:41:48.824323
Latoyia Watts,"352 Dearborn Gate, Norman, New York",2004-05-29 02:07:28.531585
Maddie Blair,"1110 London Line, Flagstaff, North Dakota",2020-05-18 15:23:12.243274
Pasquale Cooper,"1313 Silverview Stravenue, Kenner, North Carolina",2006-04-12 11:47:38.053828
Giuseppe Wood,"738 Opalo Circle, Brooklyn Center, Kansas",2001-03-20 17:14:45.150522
Lindsey Garza,"747 Desmond Nene, Olive Branch, Wisconsin",2008-04-24 19:42:11.206692
Randy Mcpherson,"171 Byron Street, Pleasanton, Vermont",2010-06-21 22:52:23.019956
Cristobal Walsh,"55 Crestwell Square, Oxford, Alaska",2014-12-13 09:47:34.974209
